[
  {
    "id": 1,
    "name": "北京",
    "region_id": "1",
    "area_code": "110000",
    "iso_code": "CN-11"
  },
  {
    "id": 2,
    "name": "天津市",
    "region_id": "1",
    "area_code": "120000",
    "iso_code": "CN-12"
  },
  {
    "id": 3,
    "name": "山西",
    "region_id": "1",
    "area_code": "140000",
    "iso_code": "CN-14"
  },
  {
    "id": 4,
    "name": "内蒙古",
    "region_id": "1",
    "area_code": "150000",
    "iso_code": "CN-15"
  },
  {
    "id": 5,
    "name": "河北",
    "region_id": "1",
    "area_code": "130000",
    "iso_code": "CN-13"
  },
  {
    "id": 6,
    "name": "上海",
    "region_id": "2",
    "area_code": "310000",
    "iso_code": "CN-31"
  },
  {
    "id": 7,
    "name": "江苏",
    "region_id": "2",
    "area_code": "320000",
    "iso_code": "CN-32"
  },
  {
    "id": 8,
    "name": "浙江",
    "region_id": "2",
    "area_code": "330000",
    "iso_code": "CN-33"
  },
  {
    "id": 9,
    "name": "安徽",
    "region_id": "2",
    "area_code": "340000",
    "iso_code": "CN-34"
  },
  {
    "id": 10,
    "name": "福建",
    "region_id": "2",
    "area_code": "350000",
    "iso_code": "CN-35"
  },
  {
    "id": 11,
    "name": "江西",
    "region_id": "2",
    "area_code": "360000",
    "iso_code": "CN-36"
  },
  {
    "id": 12,
    "name": "山东",
    "region_id": "2",
    "area_code": "370000",
    "iso_code": "CN-37"
  },
  {
    "id": 14,
    "name": "台湾",
    "region_id": "2",
    "area_code": "710000",
    "iso_code": "CN-71"
  },
  {
    "id": 15,
    "name": "黑龙江",
    "region_id": "3",
    "area_code": "230000",
    "iso_code": "CN-23"
  },
  {
    "id": 16,
    "name": "吉林",
    "region_id": "3",
    "area_code": "220000",
    "iso_code": "CN-22"
  },
  {
    "id": 17,
    "name": "辽宁",
    "region_id": "3",
    "area_code": "210000",
    "iso_code": "CN-21"
  },
  {
    "id": 18,
    "name": "陕西",
    "region_id": "7",
    "area_code": "610000",
    "iso_code": "CN-61"
  },
  {
    "id": 19,
    "name": "甘肃",
    "region_id": "7",
    "area_code": "620000",
    "iso_code": "CN-62"
  },
  {
    "id": 20,
    "name": "青海",
    "region_id": "7",
    "area_code": "630000",
    "iso_code": "CN-63"
  },
  {
    "id": 21,
    "name": "宁夏",
    "region_id": "7",
    "area_code": "640000",
    "iso_code": "CN-64"
  },
  {
    "id": 22,
    "name": "新疆",
    "region_id": "7",
    "area_code": "650000",
    "iso_code": "CN-65"
  },
  {
    "id": 23,
    "name": "河南",
    "region_id": "4",
    "area_code": "410000",
    "iso_code": "CN-41"
  },
  {
    "id": 24,
    "name": "湖北",
    "region_id": "4",
    "area_code": "420000",
    "iso_code": "CN-42"
  },
  {
    "id": 25,
    "name": "湖南",
    "region_id": "4",
    "area_code": "430000",
    "iso_code": "CN-43"
  },
  {
    "id": 26,
    "name": "广东",
    "region_id": "5",
    "area_code": "440000",
    "iso_code": "CN-44"
  },
  {
    "id": 27,
    "name": "广西",
    "region_id": "5",
    "area_code": "450000",
    "iso_code": "CN-45"
  },
  {
    "id": 28,
    "name": "海南",
    "region_id": "5",
    "area_code": "460000",
    "iso_code": "CN-46"
  },
  {
    "id": 29,
    "name": "香港",
    "region_id": "5",
    "area_code": "810000",
    "iso_code": "CN-91"
  },
  {
    "id": 30,
    "name": "澳门",
    "region_id": "5",
    "area_code": "820000",
    "iso_code": "CN-92"
  },
  {
    "id": 31,
    "name": "四川",
    "region_id": "6",
    "area_code": "510000",
    "iso_code": "CN-51"
  },
  {
    "id": 32,
    "name": "贵州",
    "region_id": "6",
    "area_code": "520000",
    "iso_code": "CN-52"
  },
  {
    "id": 33,
    "name": "云南",
    "region_id": "6",
    "area_code": "530000",
    "iso_code": "CN-53"
  },
  {
    "id": 13,
    "name": "重庆",
    "region_id": "6",
    "area_code": "500000",
    "iso_code": "CN-50"
  },
  {
    "id": 34,
    "name": "西藏",
    "region_id": "6",
    "area_code": "540000",
    "iso_code": "CN-54"
  }
]