[
  {
    "id": 1,
    "consignee": "戚佳82",
    "consignee_tel": "13674186383",
    "final_total_amount": 364.0,
    "order_status": "1000",
    "user_id": 15998,
    "delivery_address": "第13大街第5号楼1单元667门",
    "order_comment": "描述179627",
    "out_trade_no": "847786439",
    "trade_body": "描述666",
    "create_time": "12/3/2023 12:54:03",
    "operate_time": "12/3/2023 19:54:03",
    "expire_time": "12/3/2023 19:54:03",
    "tracking_no": "641281521",
    "parent_order_id": 683250551,
    "img_url": "http://kAXllAQEzJWHwiExxVmyJIABfXyzbKwedeofMqwh",
    "province_id": 17,
    "benefit_reduce_amount": 41.0,
    "original_total_amount": 350.0,
    "feight_fee": 309.0,
    "province_name": "北京",
    "region_name": "华北",
    "region_id": 1
  },
  {
    "id": 2,
    "consignee": "轩辕枝66",
    "consignee_tel": "13964927398",
    "final_total_amount": 81599.0,
    "order_status": "1004",
    "user_id": 12896,
    "delivery_address": "第13大街第5号楼1单元667门",
    "order_comment": "描述179627",
    "out_trade_no": "290067208",
    "trade_body": "描述666",
    "create_time": "12/3/2023 12:54:03",
    "operate_time": "12/3/2023 17:54:03",
    "expire_time": "13/3/2023 01:54:03",
    "tracking_no": "431360528",
    "parent_order_id": 97610774,
    "img_url": "http://RFCTOnWWRtrJdygmPqiUXdBvyhqiTTOnXYagFJDP",
    "province_id": 7,
    "benefit_reduce_amount": 67.0,
    "original_total_amount": 81585.0,
    "feight_fee": 81518.0,
    "province_name": "天津市",
    "region_name": "华北",
    "region_id": 1
  },
  {
    "id": 3,
    "consignee": "贺艺咏51",
    "consignee_tel": "13584524697",
    "final_total_amount": 13379.0,
    "order_status": "1005",
    "user_id": 9990,
    "delivery_address": "第13大街第5号楼1单元667门",
    "order_comment": "描述179627",
    "out_trade_no": "622871831",
    "trade_body": "描述666",
    "create_time": "12/3/2023 12:54:03",
    "operate_time": "12/3/2023 18:54:03",
    "expire_time": "13/3/2023 23:54:03",
    "tracking_no": "142551242",
    "parent_order_id": 805674089,
    "img_url": "http://AOvKmfRQEBRJJllwCwCuptVAOtBBcIjWeJRsmhbJ",
    "province_id": 21,
    "benefit_reduce_amount": 58.0,
    "original_total_amount": 13362.0,
    "feight_fee": 13304.0,
    "province_name": "山西",
    "region_name": "华北",
    "region_id": 1
  },
  {
    "id": 4,
    "consignee": "公孙寒8",
    "consignee_tel": "13299335839",
    "final_total_amount": 22726.0,
    "order_status": "1005",
    "user_id": 1638,
    "delivery_address": "第13大街第5号楼1单元667门",
    "order_comment": "描述179627",
    "out_trade_no": "699399637",
    "trade_body": "描述666",
    "create_time": "12/3/2023 12:54:03",
    "operate_time": "12/3/2023 15:54:03",
    "expire_time": "12/3/2023 21:54:03",
    "tracking_no": "424220697",
    "parent_order_id": 382598977,
    "img_url": "http://hNuKrFXZgFIzzZxnYeCxEDdJlbAwHUCbBChdXAKZ",
    "province_id": 22,
    "benefit_reduce_amount": 5.0,
    "original_total_amount": 22716.0,
    "feight_fee": 22711.0,
    "province_name": "内蒙古",
    "region_name": "华北",
    "region_id": 1
  },
  {
    "id": 5,
    "consignee": "沈毅俊84",
    "consignee_tel": "13263824471",
    "final_total_amount": 10340.0,
    "order_status": "1003",
    "user_id": 16446,
    "delivery_address": "第13大街第5号楼1单元667门",
    "order_comment": "描述179627",
    "out_trade_no": "536842734",
    "trade_body": "描述666",
    "create_time": "12/3/2023 12:54:03",
    "operate_time": "12/3/2023 14:54:03",
    "expire_time": "14/3/2023 00:54:03",
    "tracking_no": "542303332",
    "parent_order_id": 773821097,
    "img_url": "http://hNuKrFXZgFIzzZxnYeCxEDdJlbAwHUCbBChdXAKZ",
    "province_id": 9,
    "benefit_reduce_amount": 88.0,
    "original_total_amount": 10328.0,
    "feight_fee": 10240.0,
    "province_name": "河北",
    "region_name": "华北",
    "region_id": 1
  },
  {
    "id": 6,
    "consignee": "卫瑾51",
    "consignee_tel": "13673525119",
    "final_total_amount": 9532.0,
    "order_status": "1005",
    "user_id": 10054,
    "delivery_address": "第13大街第5号楼1单元667门",
    "order_comment": "描述179627",
    "out_trade_no": "785653226",
    "trade_body": "描述666",
    "create_time": "12/3/2023 12:54:03",
    "operate_time": "12/3/2023 16:54:03",
    "expire_time": "13/3/2023 06:54:03",
    "tracking_no": "385657631",
    "parent_order_id": 428401786,
    "img_url": "http://SXlkutIjYpDWWTEpNUiisnlsevOHVElrdngQLgyZ",
    "province_id": 34,
    "benefit_reduce_amount": 63.0,
    "original_total_amount": 9516.0,
    "feight_fee": 9453.0,
    "province_name": "上海",
    "region_name": "华东",
    "region_id": 2
  },
  {
    "id": 7,
    "consignee": "安卿77",
    "consignee_tel": "13159242947",
    "final_total_amount": 15851.0,
    "order_status": "1001",
    "user_id": 15113,
    "delivery_address": "第13大街第5号楼1单元667门",
    "order_comment": "描述179627",
    "out_trade_no": "14507398",
    "trade_body": "描述666",
    "create_time": "12/3/2023 12:54:03",
    "operate_time": "12/3/2023 19:54:03",
    "expire_time": "13/3/2023 08:54:03",
    "tracking_no": "551886445",
    "parent_order_id": 138068821,
    "img_url": "http://LzpblavcZQeYEbwbSjsnmsgAjtpudhDradqsRgdZ",
    "province_id": 2,
    "benefit_reduce_amount": 75.0,
    "original_total_amount": 15840.0,
    "feight_fee": 15765.0,
    "province_name": "江苏",
    "region_name": "华东",
    "region_id": 2
  },
  {
    "id": 8,
    "consignee": "尹芬芳82",
    "consignee_tel": "13316231129",
    "final_total_amount": 12999.0,
    "order_status": "1001",
    "user_id": 16086,
    "delivery_address": "第13大街第5号楼1单元667门",
    "order_comment": "描述179627",
    "out_trade_no": "634818213",
    "trade_body": "描述666",
    "create_time": "12/3/2023 12:54:03",
    "operate_time": "12/3/2023 18:54:03",
    "expire_time": "13/3/2023 04:54:03",
    "tracking_no": "100556021",
    "parent_order_id": 246033257,
    "img_url": "http://kAXllAQEzJWHwiExxVmyJIABfXyzbKwedeofMqwh",
    "province_id": 32,
    "benefit_reduce_amount": 90.0,
    "original_total_amount": 12984.0,
    "feight_fee": 12894.0,
    "province_name": "浙江",
    "region_name": "华东",
    "region_id": 2
  },
  {
    "id": 9,
    "consignee": "赵荷丹63",
    "consignee_tel": "13185728389",
    "final_total_amount": 1084.0,
    "order_status": "1005",
    "user_id": 12283,
    "delivery_address": "第13大街第5号楼1单元667门",
    "order_comment": "描述179627",
    "out_trade_no": "274139220",
    "trade_body": "描述666",
    "create_time": "12/3/2023 12:54:03",
    "operate_time": "12/3/2023 17:54:03",
    "expire_time": "13/3/2023 06:54:03",
    "tracking_no": "46639773",
    "parent_order_id": 774046403,
    "img_url": "http://kAXllAQEzJWHwiExxVmyJIABfXyzbKwedeofMqwh",
    "province_id": 25,
    "benefit_reduce_amount": 32.0,
    "original_total_amount": 1068.0,
    "feight_fee": 1036.0,
    "province_name": "安徽",
    "region_name": "华东",
    "region_id": 2
  },
  {
    "id": 10,
    "consignee": "欧阳舒影10",
    "consignee_tel": "13584946157",
    "final_total_amount": 14611.0,
    "order_status": "1001",
    "user_id": 1993,
    "delivery_address": "第13大街第5号楼1单元667门",
    "order_comment": "描述179627",
    "out_trade_no": "595486510",
    "trade_body": "描述666",
    "create_time": "12/3/2023 12:54:03",
    "operate_time": "12/3/2023 19:54:03",
    "expire_time": "13/3/2023 13:54:03",
    "tracking_no": "321948470",
    "parent_order_id": 568498651,
    "img_url": "http://kAXllAQEzJWHwiExxVmyJIABfXyzbKwedeofMqwh",
    "province_id": 30,
    "benefit_reduce_amount": 67.0,
    "original_total_amount": 14598.0,
    "feight_fee": 14531.0,
    "province_name": "福建",
    "region_name": "华东",
    "region_id": 2
  },
  {
    "id": 11,
    "consignee": "伍枫芸52",
    "consignee_tel": "13266495844",
    "final_total_amount": 1800.0,
    "order_status": "1004",
    "user_id": 10204,
    "delivery_address": "第13大街第5号楼1单元667门",
    "order_comment": "描述179627",
    "out_trade_no": "352436162",
    "trade_body": "描述666",
    "create_time": "12/3/2023 12:54:03",
    "operate_time": "12/3/2023 14:54:03",
    "expire_time": "13/3/2023 19:54:03",
    "tracking_no": "708003994",
    "parent_order_id": 988391113,
    "img_url": "http://lMddjKYNSaxpeAqbkWcxegrrHjayrosVDeLrABhg",
    "province_id": 28,
    "benefit_reduce_amount": 12.0,
    "original_total_amount": 1784.0,
    "feight_fee": 1772.0,
    "province_name": "江西",
    "region_name": "华东",
    "region_id": 2
  },
  {
    "id": 12,
    "consignee": "王芸菲83",
    "consignee_tel": "13585261376",
    "final_total_amount": 27226.0,
    "order_status": "1002",
    "user_id": 16296,
    "delivery_address": "第13大街第5号楼1单元667门",
    "order_comment": "描述179627",
    "out_trade_no": "824887490",
    "trade_body": "描述666",
    "create_time": "12/3/2023 12:54:03",
    "operate_time": "12/3/2023 18:54:03",
    "expire_time": "13/3/2023 04:54:03",
    "tracking_no": "430887906",
    "parent_order_id": 848290468,
    "img_url": "http://kAXllAQEzJWHwiExxVmyJIABfXyzbKwedeofMqwh",
    "province_id": 33,
    "benefit_reduce_amount": 19.0,
    "original_total_amount": 27216.0,
    "feight_fee": 27197.0,
    "province_name": "山东",
    "region_name": "华东",
    "region_id": 2
  },
  {
    "id": 13,
    "consignee": "戴珊29",
    "consignee_tel": "13561649591",
    "final_total_amount": 9036.0,
    "order_status": "1000",
    "user_id": 5737,
    "delivery_address": "第13大街第5号楼1单元667门",
    "order_comment": "描述179627",
    "out_trade_no": "15644788",
    "trade_body": "描述666",
    "create_time": "12/3/2023 12:54:03",
    "operate_time": "12/3/2023 14:54:03",
    "expire_time": "13/3/2023 23:54:03",
    "tracking_no": "228758219",
    "parent_order_id": 241346499,
    "img_url": "http://RFCTOnWWRtrJdygmPqiUXdBvyhqiTTOnXYagFJDP",
    "province_id": 18,
    "benefit_reduce_amount": 87.0,
    "original_total_amount": 9026.0,
    "feight_fee": 8939.0,
    "province_name": "台湾",
    "region_name": "华东",
    "region_id": 2
  },
  {
    "id": 14,
    "consignee": "令狐琦晶9",
    "consignee_tel": "13195658627",
    "final_total_amount": 411.0,
    "order_status": "1003",
    "user_id": 1780,
    "delivery_address": "第13大街第5号楼1单元667门",
    "order_comment": "描述179627",
    "out_trade_no": "873714985",
    "trade_body": "描述666",
    "create_time": "12/3/2023 12:54:03",
    "operate_time": "12/3/2023 14:54:03",
    "expire_time": "13/3/2023 23:54:03",
    "tracking_no": "490552238",
    "parent_order_id": 546007247,
    "img_url": "http://kAXllAQEzJWHwiExxVmyJIABfXyzbKwedeofMqwh",
    "province_id": 9,
    "benefit_reduce_amount": 65.0,
    "original_total_amount": 394.0,
    "feight_fee": 329.0,
    "province_name": "黑龙江",
    "region_name": "东北",
    "region_id": 3
  },
  {
    "id": 15,
    "consignee": "舒宁7",
    "consignee_tel": "13796989275",
    "final_total_amount": 1825.0,
    "order_status": "1003",
    "user_id": 1432,
    "delivery_address": "第13大街第5号楼1单元667门",
    "order_comment": "描述179627",
    "out_trade_no": "797140633",
    "trade_body": "描述666",
    "create_time": "12/3/2023 12:54:03",
    "operate_time": "12/3/2023 20:54:03",
    "expire_time": "13/3/2023 09:54:03",
    "tracking_no": "426726878",
    "parent_order_id": 455284444,
    "img_url": "http://kAXllAQEzJWHwiExxVmyJIABfXyzbKwedeofMqwh",
    "province_id": 34,
    "benefit_reduce_amount": 61.0,
    "original_total_amount": 1812.0,
    "feight_fee": 1751.0,
    "province_name": "吉林",
    "region_name": "东北",
    "region_id": 3
  },
  {
    "id": 16,
    "consignee": "葛艺70",
    "consignee_tel": "13673984433",
    "final_total_amount": 14409.0,
    "order_status": "1003",
    "user_id": 13622,
    "delivery_address": "第13大街第5号楼1单元667门",
    "order_comment": "描述179627",
    "out_trade_no": "751251507",
    "trade_body": "描述666",
    "create_time": "12/3/2023 12:54:03",
    "operate_time": "12/3/2023 18:54:03",
    "expire_time": "13/3/2023 22:54:03",
    "tracking_no": "722795907",
    "parent_order_id": 835537360,
    "img_url": "http://IJwhvJSuwaMHaevQQKZUzLkOsvYFiYsRhmLSjpZb",
    "province_id": 1,
    "benefit_reduce_amount": 53.0,
    "original_total_amount": 14400.0,
    "feight_fee": 14347.0,
    "province_name": "辽宁",
    "region_name": "东北",
    "region_id": 3
  },
  {
    "id": 17,
    "consignee": "姜惠珠67",
    "consignee_tel": "13468589325",
    "final_total_amount": 54247.0,
    "order_status": "1004",
    "user_id": 13022,
    "delivery_address": "第13大街第5号楼1单元667门",
    "order_comment": "描述179627",
    "out_trade_no": "162116375",
    "trade_body": "描述666",
    "create_time": "12/3/2023 12:54:03",
    "operate_time": "12/3/2023 20:54:03",
    "expire_time": "13/3/2023 04:54:03",
    "tracking_no": "838263723",
    "parent_order_id": 875359682,
    "img_url": "http://kAXllAQEzJWHwiExxVmyJIABfXyzbKwedeofMqwh",
    "province_id": 30,
    "benefit_reduce_amount": 68.0,
    "original_total_amount": 54232.0,
    "feight_fee": 54164.0,
    "province_name": "陕西",
    "region_name": "西北",
    "region_id": 7
  },
  {
    "id": 18,
    "consignee": "淳于艳9",
    "consignee_tel": "13377167155",
    "final_total_amount": 2672.0,
    "order_status": "1000",
    "user_id": 1779,
    "delivery_address": "第13大街第5号楼1单元667门",
    "order_comment": "描述179627",
    "out_trade_no": "66489254",
    "trade_body": "描述666",
    "create_time": "12/3/2023 12:54:03",
    "operate_time": "12/3/2023 13:54:03",
    "expire_time": "12/3/2023 20:54:03",
    "tracking_no": "807487235",
    "parent_order_id": 405276317,
    "img_url": "http://kAXllAQEzJWHwiExxVmyJIABfXyzbKwedeofMqwh",
    "province_id": 21,
    "benefit_reduce_amount": 80.0,
    "original_total_amount": 2655.0,
    "feight_fee": 2575.0,
    "province_name": "甘肃",
    "region_name": "西北",
    "region_id": 7
  },
  {
    "id": 19,
    "consignee": "尹芬芳49",
    "consignee_tel": "13316231129",
    "final_total_amount": 1311.0,
    "order_status": "1003",
    "user_id": 9684,
    "delivery_address": "第13大街第5号楼1单元667门",
    "order_comment": "描述179627",
    "out_trade_no": "625016164",
    "trade_body": "描述666",
    "create_time": "12/3/2023 12:54:03",
    "operate_time": "12/3/2023 18:54:03",
    "expire_time": "12/3/2023 22:54:03",
    "tracking_no": "409771981",
    "parent_order_id": 275131965,
    "img_url": "http://kAXllAQEzJWHwiExxVmyJIABfXyzbKwedeofMqwh",
    "province_id": 5,
    "benefit_reduce_amount": 90.0,
    "original_total_amount": 1300.0,
    "feight_fee": 1210.0,
    "province_name": "青海",
    "region_name": "西北",
    "region_id": 7
  },
  {
    "id": 20,
    "consignee": "岑莉44",
    "consignee_tel": "13935568747",
    "final_total_amount": 14633.0,
    "order_status": "1004",
    "user_id": 8593,
    "delivery_address": "第13大街第5号楼1单元667门",
    "order_comment": "描述179627",
    "out_trade_no": "978378628",
    "trade_body": "描述666",
    "create_time": "12/3/2023 12:54:03",
    "operate_time": "12/3/2023 18:54:03",
    "expire_time": "13/3/2023 21:54:03",
    "tracking_no": "770449658",
    "parent_order_id": 171658912,
    "img_url": "http://kAXllAQEzJWHwiExxVmyJIABfXyzbKwedeofMqwh",
    "province_id": 19,
    "benefit_reduce_amount": 21.0,
    "original_total_amount": 14624.0,
    "feight_fee": 14603.0,
    "province_name": "宁夏",
    "region_name": "西北",
    "region_id": 7
  },
  {
    "id": 21,
    "consignee": "凤钧77",
    "consignee_tel": "13347942963",
    "final_total_amount": 32028.0,
    "order_status": "1003",
    "user_id": 14975,
    "delivery_address": "第13大街第5号楼1单元667门",
    "order_comment": "描述179627",
    "out_trade_no": "998814781",
    "trade_body": "描述666",
    "create_time": "12/3/2023 12:54:03",
    "operate_time": "12/3/2023 18:54:03",
    "expire_time": "12/3/2023 23:54:03",
    "tracking_no": "541342874",
    "parent_order_id": 793617065,
    "img_url": "http://kAXllAQEzJWHwiExxVmyJIABfXyzbKwedeofMqwh",
    "province_id": 12,
    "benefit_reduce_amount": 33.0,
    "original_total_amount": 32015.0,
    "feight_fee": 31982.0,
    "province_name": "新疆",
    "region_name": "西北",
    "region_id": 7
  },
  {
    "id": 22,
    "consignee": "成清53",
    "consignee_tel": "13935394894",
    "final_total_amount": 8410.0,
    "order_status": "1001",
    "user_id": 10422,
    "delivery_address": "第13大街第5号楼1单元667门",
    "order_comment": "描述179627",
    "out_trade_no": "771734221",
    "trade_body": "描述666",
    "create_time": "12/3/2023 12:54:03",
    "operate_time": "12/3/2023 15:54:03",
    "expire_time": "13/3/2023 21:54:03",
    "tracking_no": "783944120",
    "parent_order_id": 210812224,
    "img_url": "http://IJwhvJSuwaMHaevQQKZUzLkOsvYFiYsRhmLSjpZb",
    "province_id": 24,
    "benefit_reduce_amount": 87.0,
    "original_total_amount": 8395.0,
    "feight_fee": 8308.0,
    "province_name": "河南",
    "region_name": "华中",
    "region_id": 4
  },
  {
    "id": 23,
    "consignee": "蒋平保13",
    "consignee_tel": "13767673257",
    "final_total_amount": 589.0,
    "order_status": "1004",
    "user_id": 2665,
    "delivery_address": "第13大街第5号楼1单元667门",
    "order_comment": "描述179627",
    "out_trade_no": "256084064",
    "trade_body": "描述666",
    "create_time": "12/3/2023 12:54:03",
    "operate_time": "12/3/2023 21:54:03",
    "expire_time": "13/3/2023 13:54:03",
    "tracking_no": "741772586",
    "parent_order_id": 661551246,
    "img_url": "http://kAXllAQEzJWHwiExxVmyJIABfXyzbKwedeofMqwh",
    "province_id": 3,
    "benefit_reduce_amount": 42.0,
    "original_total_amount": 578.0,
    "feight_fee": 536.0,
    "province_name": "湖北",
    "region_name": "华中",
    "region_id": 4
  },
  {
    "id": 24,
    "consignee": "安慧18",
    "consignee_tel": "13119871311",
    "final_total_amount": 1347.0,
    "order_status": "1001",
    "user_id": 3523,
    "delivery_address": "第13大街第5号楼1单元667门",
    "order_comment": "描述179627",
    "out_trade_no": "368403981",
    "trade_body": "描述666",
    "create_time": "12/3/2023 12:54:03",
    "operate_time": "12/3/2023 15:54:03",
    "expire_time": "13/3/2023 06:54:03",
    "tracking_no": "432098597",
    "parent_order_id": 731930030,
    "img_url": "http://kAXllAQEzJWHwiExxVmyJIABfXyzbKwedeofMqwh",
    "province_id": 13,
    "benefit_reduce_amount": 62.0,
    "original_total_amount": 1330.0,
    "feight_fee": 1268.0,
    "province_name": "湖南",
    "region_name": "华中",
    "region_id": 4
  },
  {
    "id": 25,
    "consignee": "安慧2",
    "consignee_tel": "13119871311",
    "final_total_amount": 5097.0,
    "order_status": "1001",
    "user_id": 419,
    "delivery_address": "第13大街第5号楼1单元667门",
    "order_comment": "描述179627",
    "out_trade_no": "425600848",
    "trade_body": "描述666",
    "create_time": "12/3/2023 12:54:03",
    "operate_time": "12/3/2023 13:54:03",
    "expire_time": "12/3/2023 19:54:03",
    "tracking_no": "647217325",
    "parent_order_id": 681564750,
    "img_url": "http://hNuKrFXZgFIzzZxnYeCxEDdJlbAwHUCbBChdXAKZ",
    "province_id": 16,
    "benefit_reduce_amount": 28.0,
    "original_total_amount": 5088.0,
    "feight_fee": 5060.0,
    "province_name": "广东",
    "region_name": "华南",
    "region_id": 5
  },
  {
    "id": 26,
    "consignee": "诸葛霄41",
    "consignee_tel": "13813118752",
    "final_total_amount": 37324.0,
    "order_status": "1001",
    "user_id": 8142,
    "delivery_address": "第13大街第5号楼1单元667门",
    "order_comment": "描述179627",
    "out_trade_no": "182444376",
    "trade_body": "描述666",
    "create_time": "12/3/2023 12:54:03",
    "operate_time": "12/3/2023 18:54:03",
    "expire_time": "13/3/2023 15:54:03",
    "tracking_no": "723218531",
    "parent_order_id": 399080171,
    "img_url": "http://kAXllAQEzJWHwiExxVmyJIABfXyzbKwedeofMqwh",
    "province_id": 29,
    "benefit_reduce_amount": 93.0,
    "original_total_amount": 37315.0,
    "feight_fee": 37222.0,
    "province_name": "广西",
    "region_name": "华南",
    "region_id": 5
  },
  {
    "id": 27,
    "consignee": "常羽希98",
    "consignee_tel": "13393584467",
    "final_total_amount": 1405.0,
    "order_status": "1000",
    "user_id": 19041,
    "delivery_address": "第13大街第5号楼1单元667门",
    "order_comment": "描述179627",
    "out_trade_no": "640361057",
    "trade_body": "描述666",
    "create_time": "12/3/2023 12:54:03",
    "operate_time": "12/3/2023 15:54:03",
    "expire_time": "12/3/2023 20:54:03",
    "tracking_no": "363646871",
    "parent_order_id": 193486620,
    "img_url": "http://kAXllAQEzJWHwiExxVmyJIABfXyzbKwedeofMqwh",
    "province_id": 30,
    "benefit_reduce_amount": 80.0,
    "original_total_amount": 1395.0,
    "feight_fee": 1315.0,
    "province_name": "海南",
    "region_name": "华南",
    "region_id": 5
  },
  {
    "id": 28,
    "consignee": "戴淑惠34",
    "consignee_tel": "13192964915",
    "final_total_amount": 51770.0,
    "order_status": "1002",
    "user_id": 6687,
    "delivery_address": "第13大街第5号楼1单元667门",
    "order_comment": "描述179627",
    "out_trade_no": "218767320",
    "trade_body": "描述666",
    "create_time": "12/3/2023 12:54:03",
    "operate_time": "12/3/2023 13:54:03",
    "expire_time": "13/3/2023 13:54:03",
    "tracking_no": "226907009",
    "parent_order_id": 74974983,
    "img_url": "http://kAXllAQEzJWHwiExxVmyJIABfXyzbKwedeofMqwh",
    "province_id": 24,
    "benefit_reduce_amount": 24.0,
    "original_total_amount": 51758.0,
    "feight_fee": 51734.0,
    "province_name": "香港",
    "region_name": "华南",
    "region_id": 5
  },
  {
    "id": 29,
    "consignee": "伏桂53",
    "consignee_tel": "13113775417",
    "final_total_amount": 1675.0,
    "order_status": "1005",
    "user_id": 10474,
    "delivery_address": "第13大街第5号楼1单元667门",
    "order_comment": "描述179627",
    "out_trade_no": "716614273",
    "trade_body": "描述666",
    "create_time": "12/3/2023 12:54:03",
    "operate_time": "12/3/2023 21:54:03",
    "expire_time": "13/3/2023 12:54:03",
    "tracking_no": "366577201",
    "parent_order_id": 885284098,
    "img_url": "http://IJwhvJSuwaMHaevQQKZUzLkOsvYFiYsRhmLSjpZb",
    "province_id": 12,
    "benefit_reduce_amount": 97.0,
    "original_total_amount": 1665.0,
    "feight_fee": 1568.0,
    "province_name": "澳门",
    "region_name": "华南",
    "region_id": 5
  },
  {
    "id": 30,
    "consignee": "计月31",
    "consignee_tel": "13346743359",
    "final_total_amount": 6491.0,
    "order_status": "1003",
    "user_id": 6080,
    "delivery_address": "第13大街第5号楼1单元667门",
    "order_comment": "描述179627",
    "out_trade_no": "728931027",
    "trade_body": "描述666",
    "create_time": "12/3/2023 12:54:03",
    "operate_time": "12/3/2023 19:54:03",
    "expire_time": "13/3/2023 03:54:03",
    "tracking_no": "801318808",
    "parent_order_id": 838370477,
    "img_url": "http://kAXllAQEzJWHwiExxVmyJIABfXyzbKwedeofMqwh",
    "province_id": 27,
    "benefit_reduce_amount": 42.0,
    "original_total_amount": 6473.0,
    "feight_fee": 6431.0,
    "province_name": "四川",
    "region_name": "西南",
    "region_id": 6
  },
  {
    "id": 31,
    "consignee": "蒋平保31",
    "consignee_tel": "13767673257",
    "final_total_amount": 13610.0,
    "order_status": "1003",
    "user_id": 6157,
    "delivery_address": "第13大街第5号楼1单元667门",
    "order_comment": "描述179627",
    "out_trade_no": "16391985",
    "trade_body": "描述666",
    "create_time": "12/3/2023 12:54:03",
    "operate_time": "12/3/2023 14:54:03",
    "expire_time": "13/3/2023 12:54:03",
    "tracking_no": "841177666",
    "parent_order_id": 248604373,
    "img_url": "http://kAXllAQEzJWHwiExxVmyJIABfXyzbKwedeofMqwh",
    "province_id": 25,
    "benefit_reduce_amount": 85.0,
    "original_total_amount": 13594.0,
    "feight_fee": 13509.0,
    "province_name": "贵州",
    "region_name": "西南",
    "region_id": 6
  },
  {
    "id": 32,
    "consignee": "康仁42",
    "consignee_tel": "13437298274",
    "final_total_amount": 19989.0,
    "order_status": "1005",
    "user_id": 8149,
    "delivery_address": "第13大街第5号楼1单元667门",
    "order_comment": "描述179627",
    "out_trade_no": "262905919",
    "trade_body": "描述666",
    "create_time": "12/3/2023 12:54:03",
    "operate_time": "12/3/2023 13:54:03",
    "expire_time": "13/3/2023 07:54:03",
    "tracking_no": "340837650",
    "parent_order_id": 194596292,
    "img_url": "http://JfJSvAnPkErYPcUsbgCuokhjxKiLeqpDXakZqFeE",
    "province_id": 33,
    "benefit_reduce_amount": 16.0,
    "original_total_amount": 19980.0,
    "feight_fee": 19964.0,
    "province_name": "云南",
    "region_name": "西南",
    "region_id": 6
  },
  {
    "id": 33,
    "consignee": "周维启28",
    "consignee_tel": "13426661544",
    "final_total_amount": 1721.0,
    "order_status": "1002",
    "user_id": 5546,
    "delivery_address": "第13大街第5号楼1单元667门",
    "order_comment": "描述179627",
    "out_trade_no": "54995946",
    "trade_body": "描述666",
    "create_time": "12/3/2023 12:54:03",
    "operate_time": "12/3/2023 16:54:03",
    "expire_time": "14/3/2023 00:54:03",
    "tracking_no": "632858019",
    "parent_order_id": 210755579,
    "img_url": "http://IJwhvJSuwaMHaevQQKZUzLkOsvYFiYsRhmLSjpZb",
    "province_id": 6,
    "benefit_reduce_amount": 14.0,
    "original_total_amount": 1703.0,
    "feight_fee": 1689.0,
    "province_name": "重庆",
    "region_name": "西南",
    "region_id": 6
  },
  {
    "id": 34,
    "consignee": "钱彩春41",
    "consignee_tel": "13829467142",
    "final_total_amount": 1277.0,
    "order_status": "1005",
    "user_id": 8041,
    "delivery_address": "第13大街第5号楼1单元667门",
    "order_comment": "描述179627",
    "out_trade_no": "561727875",
    "trade_body": "描述666",
    "create_time": "12/3/2023 12:54:03",
    "operate_time": "12/3/2023 18:54:03",
    "expire_time": "12/3/2023 18:54:03",
    "tracking_no": "103138871",
    "parent_order_id": 28706434,
    "img_url": "http://kAXllAQEzJWHwiExxVmyJIABfXyzbKwedeofMqwh",
    "province_id": 29,
    "benefit_reduce_amount": 8.0,
    "original_total_amount": 1266.0,
    "feight_fee": 1258.0,
    "province_name": "西藏",
    "region_name": "西南",
    "region_id": 6
  },
  {
    "id": 35,
    "consignee": "呼延璧璐96",
    "consignee_tel": "13291231422",
    "final_total_amount": 63186.0,
    "order_status": "1002",
    "user_id": 18660,
    "delivery_address": "第13大街第5号楼1单元667门",
    "order_comment": "描述179627",
    "out_trade_no": "820654730",
    "trade_body": "描述666",
    "create_time": "12/3/2023 12:54:03",
    "operate_time": "12/3/2023 14:54:03",
    "expire_time": "13/3/2023 06:54:03",
    "tracking_no": "813822269",
    "parent_order_id": 643429060,
    "img_url": "http://RFCTOnWWRtrJdygmPqiUXdBvyhqiTTOnXYagFJDP",
    "province_id": 27,
    "benefit_reduce_amount": 94.0,
    "original_total_amount": 63168.0,
    "feight_fee": 63074.0,
    "province_name": "南宁",
    "region_name": "西南",
    "region_id": 7
  },
  {
    "id": 36,
    "consignee": "戚中86",
    "consignee_tel": "13361399315",
    "final_total_amount": 26165.0,
    "order_status": "1001",
    "user_id": 16823,
    "delivery_address": "第13大街第5号楼1单元667门",
    "order_comment": "描述179627",
    "out_trade_no": "706763248",
    "trade_body": "描述666",
    "create_time": "12/3/2023 12:54:03",
    "operate_time": "12/3/2023 21:54:03",
    "expire_time": "13/3/2023 04:54:03",
    "tracking_no": "376782185",
    "parent_order_id": 623259150,
    "img_url": "http://kAXllAQEzJWHwiExxVmyJIABfXyzbKwedeofMqwh",
    "province_id": 34,
    "benefit_reduce_amount": 5.0,
    "original_total_amount": 26152.0,
    "feight_fee": 26147.0,
    "province_name": "武鸣",
    "region_name": "西北",
    "region_id": 7
  },
  {
    "id": 37,
    "consignee": "常羽希62",
    "consignee_tel": "13393584467",
    "final_total_amount": 2587.0,
    "order_status": "1003",
    "user_id": 12057,
    "delivery_address": "第13大街第5号楼1单元667门",
    "order_comment": "描述179627",
    "out_trade_no": "531680236",
    "trade_body": "描述666",
    "create_time": "12/3/2023 12:54:03",
    "operate_time": "12/3/2023 20:54:03",
    "expire_time": "13/3/2023 00:54:03",
    "tracking_no": "300530008",
    "parent_order_id": 508862994,
    "img_url": "http://kAXllAQEzJWHwiExxVmyJIABfXyzbKwedeofMqwh",
    "province_id": 22,
    "benefit_reduce_amount": 68.0,
    "original_total_amount": 2575.0,
    "feight_fee": 2507.0,
    "province_name": "安职",
    "region_name": "西北",
    "region_id": 7
  },
  {
    "id": 38,
    "consignee": "俞胜学84",
    "consignee_tel": "13555677759",
    "final_total_amount": 1664.0,
    "order_status": "1002",
    "user_id": 16316,
    "delivery_address": "第13大街第5号楼1单元667门",
    "order_comment": "描述179627",
    "out_trade_no": "821083372",
    "trade_body": "描述666",
    "create_time": "12/3/2023 12:54:03",
    "operate_time": "12/3/2023 18:54:03",
    "expire_time": "13/3/2023 01:54:03",
    "tracking_no": "997542313",
    "parent_order_id": 981694098,
    "img_url": "http://kAXllAQEzJWHwiExxVmyJIABfXyzbKwedeofMqwh",
    "province_id": 32,
    "benefit_reduce_amount": 63.0,
    "original_total_amount": 1650.0,
    "feight_fee": 1587.0,
    "province_name": "北京",
    "region_name": "华北",
    "region_id": 1
  },
  {
    "id": 39,
    "consignee": "郑福生79",
    "consignee_tel": "13273111262",
    "final_total_amount": 20347.0,
    "order_status": "1001",
    "user_id": 15341,
    "delivery_address": "第13大街第5号楼1单元667门",
    "order_comment": "描述179627",
    "out_trade_no": "346066645",
    "trade_body": "描述666",
    "create_time": "12/3/2023 12:54:03",
    "operate_time": "12/3/2023 16:54:03",
    "expire_time": "13/3/2023 12:54:03",
    "tracking_no": "260348816",
    "parent_order_id": 335879070,
    "img_url": "http://kAXllAQEzJWHwiExxVmyJIABfXyzbKwedeofMqwh",
    "province_id": 31,
    "benefit_reduce_amount": 48.0,
    "original_total_amount": 20334.0,
    "feight_fee": 20286.0,
    "province_name": "天津市",
    "region_name": "华北",
    "region_id": 1
  },
  {
    "id": 40,
    "consignee": "轩辕枝69",
    "consignee_tel": "13964927398",
    "final_total_amount": 5248.0,
    "order_status": "1001",
    "user_id": 13478,
    "delivery_address": "第13大街第5号楼1单元667门",
    "order_comment": "描述179627",
    "out_trade_no": "970523217",
    "trade_body": "描述666",
    "create_time": "12/3/2023 12:54:03",
    "operate_time": "12/3/2023 19:54:03",
    "expire_time": "13/3/2023 20:54:03",
    "tracking_no": "53610004",
    "parent_order_id": 676764769,
    "img_url": "http://kAXllAQEzJWHwiExxVmyJIABfXyzbKwedeofMqwh",
    "province_id": 8,
    "benefit_reduce_amount": 8.0,
    "original_total_amount": 5232.0,
    "feight_fee": 5224.0,
    "province_name": "山西",
    "region_name": "华北",
    "region_id": 1
  },
  {
    "id": 41,
    "consignee": "任媛32",
    "consignee_tel": "13736748615",
    "final_total_amount": 3216.0,
    "order_status": "1003",
    "user_id": 6398,
    "delivery_address": "第13大街第5号楼1单元667门",
    "order_comment": "描述179627",
    "out_trade_no": "78850541",
    "trade_body": "描述666",
    "create_time": "12/3/2023 12:54:03",
    "operate_time": "12/3/2023 16:54:03",
    "expire_time": "13/3/2023 19:54:03",
    "tracking_no": "939414418",
    "parent_order_id": 187063937,
    "img_url": "http://kAXllAQEzJWHwiExxVmyJIABfXyzbKwedeofMqwh",
    "province_id": 4,
    "benefit_reduce_amount": 2.0,
    "original_total_amount": 3200.0,
    "feight_fee": 3198.0,
    "province_name": "内蒙古",
    "region_name": "华北",
    "region_id": 1
  },
  {
    "id": 42,
    "consignee": "陈凤洁56",
    "consignee_tel": "13711848441",
    "final_total_amount": 47259.0,
    "order_status": "1004",
    "user_id": 11044,
    "delivery_address": "第13大街第5号楼1单元667门",
    "order_comment": "描述179627",
    "out_trade_no": "527133976",
    "trade_body": "描述666",
    "create_time": "12/3/2023 12:54:03",
    "operate_time": "12/3/2023 21:54:03",
    "expire_time": "12/3/2023 14:54:03",
    "tracking_no": "388192419",
    "parent_order_id": 847530179,
    "img_url": "http://kAXllAQEzJWHwiExxVmyJIABfXyzbKwedeofMqwh",
    "province_id": 3,
    "benefit_reduce_amount": 82.0,
    "original_total_amount": 47243.0,
    "feight_fee": 47161.0,
    "province_name": "河北",
    "region_name": "华北",
    "region_id": 1
  },
  {
    "id": 43,
    "consignee": "许影34",
    "consignee_tel": "13316358695",
    "final_total_amount": 1895.0,
    "order_status": "1000",
    "user_id": 6673,
    "delivery_address": "第13大街第5号楼1单元667门",
    "order_comment": "描述179627",
    "out_trade_no": "690148011",
    "trade_body": "描述666",
    "create_time": "12/3/2023 12:54:03",
    "operate_time": "12/3/2023 16:54:03",
    "expire_time": "12/3/2023 15:54:03",
    "tracking_no": "55799407",
    "parent_order_id": 75770401,
    "img_url": "http://kAXllAQEzJWHwiExxVmyJIABfXyzbKwedeofMqwh",
    "province_id": 8,
    "benefit_reduce_amount": 82.0,
    "original_total_amount": 1878.0,
    "feight_fee": 1796.0,
    "province_name": "上海",
    "region_name": "华东",
    "region_id": 2
  },
  {
    "id": 44,
    "consignee": "杨露瑶88",
    "consignee_tel": "13531355918",
    "final_total_amount": 1574.0,
    "order_status": "1000",
    "user_id": 17104,
    "delivery_address": "第13大街第5号楼1单元667门",
    "order_comment": "描述179627",
    "out_trade_no": "188446842",
    "trade_body": "描述666",
    "create_time": "12/3/2023 12:54:03",
    "operate_time": "12/3/2023 15:54:03",
    "expire_time": "13/3/2023 17:54:03",
    "tracking_no": "159190929",
    "parent_order_id": 410685226,
    "img_url": "http://INNButKuTkslasORPBmHACnJuccfsxmRxNuMznPm",
    "province_id": 20,
    "benefit_reduce_amount": 64.0,
    "original_total_amount": 1560.0,
    "feight_fee": 1496.0,
    "province_name": "江苏",
    "region_name": "华东",
    "region_id": 2
  },
  {
    "id": 45,
    "consignee": "和秀娟47",
    "consignee_tel": "13716862348",
    "final_total_amount": 43874.0,
    "order_status": "1003",
    "user_id": 9290,
    "delivery_address": "第13大街第5号楼1单元667门",
    "order_comment": "描述179627",
    "out_trade_no": "591183752",
    "trade_body": "描述666",
    "create_time": "12/3/2023 12:54:03",
    "operate_time": "12/3/2023 17:54:03",
    "expire_time": "13/3/2023 18:54:03",
    "tracking_no": "565308756",
    "parent_order_id": 351925997,
    "img_url": "http://kAXllAQEzJWHwiExxVmyJIABfXyzbKwedeofMqwh",
    "province_id": 3,
    "benefit_reduce_amount": 26.0,
    "original_total_amount": 43860.0,
    "feight_fee": 43834.0,
    "province_name": "浙江",
    "region_name": "华东",
    "region_id": 2
  },
  {
    "id": 46,
    "consignee": "葛磊民75",
    "consignee_tel": "13687717321",
    "final_total_amount": 12750.0,
    "order_status": "1004",
    "user_id": 14556,
    "delivery_address": "第13大街第5号楼1单元667门",
    "order_comment": "描述179627",
    "out_trade_no": "305420248",
    "trade_body": "描述666",
    "create_time": "12/3/2023 12:54:03",
    "operate_time": "12/3/2023 15:54:03",
    "expire_time": "13/3/2023 02:54:03",
    "tracking_no": "123617067",
    "parent_order_id": 477148915,
    "img_url": "http://LzpblavcZQeYEbwbSjsnmsgAjtpudhDradqsRgdZ",
    "province_id": 1,
    "benefit_reduce_amount": 64.0,
    "original_total_amount": 12740.0,
    "feight_fee": 12676.0,
    "province_name": "安徽",
    "region_name": "华东",
    "region_id": 2
  },
  {
    "id": 47,
    "consignee": "曹娟英11",
    "consignee_tel": "13687871277",
    "final_total_amount": 279.0,
    "order_status": "1005",
    "user_id": 2169,
    "delivery_address": "第13大街第5号楼1单元667门",
    "order_comment": "描述179627",
    "out_trade_no": "750692660",
    "trade_body": "描述666",
    "create_time": "12/3/2023 12:54:03",
    "operate_time": "12/3/2023 16:54:03",
    "expire_time": "13/3/2023 23:54:03",
    "tracking_no": "454036795",
    "parent_order_id": 402945234,
    "img_url": "http://kAXllAQEzJWHwiExxVmyJIABfXyzbKwedeofMqwh",
    "province_id": 23,
    "benefit_reduce_amount": 5.0,
    "original_total_amount": 269.0,
    "feight_fee": 264.0,
    "province_name": "福建",
    "region_name": "华东",
    "region_id": 2
  },
  {
    "id": 48,
    "consignee": "黄可姬8",
    "consignee_tel": "13631427141",
    "final_total_amount": 7447.0,
    "order_status": "1002",
    "user_id": 1723,
    "delivery_address": "第13大街第5号楼1单元667门",
    "order_comment": "描述179627",
    "out_trade_no": "190051046",
    "trade_body": "描述666",
    "create_time": "12/3/2023 12:54:03",
    "operate_time": "12/3/2023 19:54:03",
    "expire_time": "14/3/2023 00:54:03",
    "tracking_no": "743105166",
    "parent_order_id": 793800638,
    "img_url": "http://SXlkutIjYpDWWTEpNUiisnlsevOHVElrdngQLgyZ",
    "province_id": 26,
    "benefit_reduce_amount": 31.0,
    "original_total_amount": 7435.0,
    "feight_fee": 7404.0,
    "province_name": "江西",
    "region_name": "华东",
    "region_id": 2
  },
  {
    "id": 49,
    "consignee": "百里怡30",
    "consignee_tel": "13432421199",
    "final_total_amount": 12677.0,
    "order_status": "1005",
    "user_id": 5876,
    "delivery_address": "第13大街第5号楼1单元667门",
    "order_comment": "描述179627",
    "out_trade_no": "857024788",
    "trade_body": "描述666",
    "create_time": "12/3/2023 12:54:03",
    "operate_time": "12/3/2023 16:54:03",
    "expire_time": "13/3/2023 02:54:03",
    "tracking_no": "676731121",
    "parent_order_id": 279535850,
    "img_url": "http://hNuKrFXZgFIzzZxnYeCxEDdJlbAwHUCbBChdXAKZ",
    "province_id": 13,
    "benefit_reduce_amount": 99.0,
    "original_total_amount": 12665.0,
    "feight_fee": 12566.0,
    "province_name": "山东",
    "region_name": "华东",
    "region_id": 2
  },
  {
    "id": 50,
    "consignee": "薛兰63",
    "consignee_tel": "13767846627",
    "final_total_amount": 381.0,
    "order_status": "1002",
    "user_id": 12240,
    "delivery_address": "第13大街第5号楼1单元667门",
    "order_comment": "描述179627",
    "out_trade_no": "784742281",
    "trade_body": "描述666",
    "create_time": "12/3/2023 12:54:03",
    "operate_time": "12/3/2023 13:54:03",
    "expire_time": "13/3/2023 16:54:03",
    "tracking_no": "704763776",
    "parent_order_id": 262023573,
    "img_url": "http://kAXllAQEzJWHwiExxVmyJIABfXyzbKwedeofMqwh",
    "province_id": 7,
    "benefit_reduce_amount": 19.0,
    "original_total_amount": 364.0,
    "feight_fee": 345.0,
    "province_name": "台湾",
    "region_name": "华东",
    "region_id": 2
  }
]