{
    "data": [
        {"name": "冰镇柠檬", "value": 437, "vae": 24, "time": "2022-06-07"},
        {"name": "草莓苏打水", "value": 416, "vae": 16.1, "time": "2022-06-02"},
        {"name": "草莓味可乐", "value": 376, "vae": 15.7, "time": "2022-05-30"},
        {"name": "醇香奶茶", "value": 526, "vae": 16.5, "time": "2022-04-21"},
        {"name": "黑糖奶茶", "value": 577, "vae": 19.3, "time": "2022-04-20"},
        {"name": "牛奶咖啡", "value": 543, "vae": 18.9, "time": "2022-04-15"},
        {"name": "薄荷巧克力", "value": 387, "vae": 15.6, "time": "2022-03-30"},
        {"name": "蜂蜜乌龙", "value": 623, "vae": 20.8, "time": "2022-03-25"},
        {"name": "蜜桃乳酪", "value": 592, "vae": 19.6, "time": "2022-03-20"},
        {"name": "薄荷柠檬", "value": 398, "vae": 16.2, "time": "2022-03-03"},
        {"name": "柠檬薄荷", "value": 432, "vae": 16.9, "time": "2022-02-28"},
        {"name": "黑糖奶盖", "value": 456, "vae": 14.8, "time": "2022-02-01"},
        {"name": "芒果乌龙", "value": 616, "vae": 26.5, "time": "2022-01-09"},
        {"name": "哈密瓜冰茶", "value": 388, "vae": 15.9, "time": "2022-01-08"},
        {"name": "百香果冰茶", "value": 361, "vae": 15.1, "time": "2022-01-03"},
        {"name": "樱桃奶昔", "value": 493, "vae": 11, "time": "2021-12-25"},
        {"name": "抹茶冰淇淋", "value": 619, "vae": 20.9, "time": "2021-12-15"},
        {"name": "绿茶冰淇淋", "value": 612, "vae": 21.8, "time": "2021-12-10"},
        {"name": "芒果牛奶", "value": 692, "vae": 22.1, "time": "2021-11-30"},
        {"name": "芒果奶昔", "value": 689, "vae": 21.3, "time": "2021-11-29"},
        {"name": "桂花乌龙茶", "value": 521, "vae": 27.1, "time": "2021-11-05"},
        {"name": "椰奶柚子", "value": 456, "vae": 18.9, "time": "2021-10-20"},
        {"name": "椰奶芒果", "value": 387, "vae": 17.6, "time": "2021-10-17"},
        {"name": "蜜桃果昔", "value": 815, "vae": 25.6, "time": "2021-10-02"},
        {"name": "芒果奶茶", "value": 398, "vae": 16.7, "time": "2021-09-12"},
        {"name": "芒果冰沙", "value": 523, "vae": 20.3, "time": "2021-09-08"},
        {"name": "冰雪奇缘", "value": 258, "vae": 12.6, "time": "2021-08-23"},
        {"name": "火龙果冰淇淋", "value": 383, "vae": 16.1, "time": "2021-08-14"},
        {"name": "草莓雪冻", "value": 532, "vae": 19.5, "time": "2021-08-10"},
        {"name": "蓝莓蜜雪冰", "value": 576, "vae": 20.2, "time": "2021-08-05"},
        {"name": "巧克力冰激淋", "value": 506, "vae": 18.5, "time": "2021-07-30"},
        {"name": "冰淇淋花茶", "value": 595, "vae": 18.6, "time": "2021-07-27"},
        {"name": "芒果冰激凌", "value": 492, "vae": 17.5, "time": "2021-07-25"},
        {"name": "青柠蜜香", "value": 357, "vae": 23.5, "time": "2021-07-12"},
        {"name": "巧克力咖啡", "value": 549, "vae": 19.8, "time": "2021-06-17"},
        {"name": "葡萄柚曼特宁", "value": 523, "vae": 18.4, "time": "2021-06-13"},
        {"name": "西瓜汁", "value": 479, "vae": 19.2, "time": "2021-06-16"},
        {"name": "香蕉冰淇淋", "value": 321, "vae": 14.5, "time": "2021-05-25"},
        {"name": "蓝莓奶昔", "value": 529, "vae": 17.9, "time": "2021-05-22"},
        {"name": "蓝莓冰激凌", "value": 259, "vae": 13.8, "time": "2021-05-20"},
        {"name": "夏日草莓", "value": 364, "vae": 11.4, "time": "2021-05-10"},
        {"name": "薄荷蓝莓", "value": 348, "vae": 14.6, "time": "2021-04-15"},
        {"name": "蓝莓薄荷", "value": 315, "vae": 14.9, "time": "2021-04-10"},
        {"name": "柠檬冰快乐", "value": 341, "vae": 13, "time": "2021-04-14"},
        {"name": "蜜桃果茶", "value": 388, "vae": 14.8, "time": "2021-03-23"},
        {"name": "蜜桃果汁", "value": 356, "vae": 13.6, "time": "2021-03-19"},
        {"name": "香橙绿茶", "value": 372, "vae": 19.8, "time": "2021-03-14"},
        {"name": "哈密瓜冰沙", "value": 243, "vae": 12.4, "time": "2021-03-08"},
        {"name": "水蜜桃清茶", "value": 419, "vae": 13.5, "time": "2021-03-05"},
        {"name": "蜜香水蜜桃", "value": 665, "vae": 25.8, "time": "2021-02-28"},
        {"name": "香草冰淇淋", "value": 532, "vae": 19, "time": "2021-02-18"},
        {"name": "草莓雪糕", "value": 487, "vae": 18.1, "time": "2021-02-14"},
        {"name": "柠檬冰雪", "value": 488, "vae": 18.9, "time": "2021-02-09"},
        {"name": "酸奶蓝莓", "value": 512, "vae": 17.9, "time": "2021-01-31"},
        {"name": "草莓奶茶", "value": 312, "vae": 14.2, "time": "2021-01-28"},
        {"name": "蜜桃乌龙", "value": 581, "vae": 22, "time": "2021-01-18"},
        {"name": "火龙果乌龙", "value": 812, "vae": 24.9, "time": "2021-01-16"},
        {"name": "覆盆子酸奶", "value": 498, "vae": 18.7, "time": "2021-01-05"},
        {"name": "柚子绿茶", "value": 478, "vae": 17.2, "time": "2020-12-20"},
        {"name": "红茶柠檬", "value": 437, "vae": 13.7, "time": "2020-12-15"},
        {"name": "百香双响炮", "value": 617, "vae": 26.7, "time": "2020-11-29"},
        {"name": "蜜桃奶香", "value": 649, "vae": 10.2, "time": "2020-10-12"},
        {"name": "花生牛奶", "value": 461, "vae": 17.6, "time": "2020-10-01"},
        {"name": "芒果酸奶", "value": 429, "vae": 16.4, "time": "2020-09-25"},
        {"name": "椰香柠檬", "value": 193, "vae": 23.1, "time": "2020-09-15"},
        {"name": "草莓冰快乐", "value": 376, "vae": 16.3, "time": "2020-08-20"},
        {"name": "菊花绿茶", "value": 297, "vae": 21.5, "time": "2020-07-24"},
        {"name": "香蕉奶昔", "value": 482, "vae": 15.3, "time": "2020-07-15"},
        {"name": "草莓奶昔", "value": 458, "vae": 12.8, "time": "2020-07-11"},
        {"name": "柠檬柚子", "value": 285, "vae": 17.2, "time": "2020-06-17"},
        {"name": "榴莲奶昔", "value": 709, "vae": 19, "time": "2020-01-03"}
    ]
}